INSERT INTO KONTO (LOGIN, HASLO_HASH, SALT, DATA_KONCA, IMIE, NAZWISKO) VALUES ('admin', '0ecMGvSDEKuR+omY/s6cEyGPS3mckSclu7PCIC+ZCMc=', 'CkwY/7LZ7PPIYQ==', '9000-12-31 23:59:59', 'Jan', 'Kowalski');
INSERT INTO ADMINISTRATOR (KONTO_ID) VALUES (1);
INSERT INTO KONTO (LOGIN, HASLO_HASH, SALT, DATA_KONCA, IMIE, NAZWISKO) VALUES ('lekarz', 'qvSECUjI08PcIapKDuhWXGspnVgbkAgq761hvlY1O3U=', 'qCXNDO03KoKzqA==', '2019-12-31 23:59:59', 'Adebe', 'Makulebe');
INSERT INTO LEKARZ (KONTO_ID) VALUES (2);
INSERT INTO KONTO (LOGIN, HASLO_HASH, SALT, DATA_KONCA, IMIE, NAZWISKO) VALUES ('lekarz2', 'KxPkxN8nSAPDvGrU1Mnl/DUWRBmYOyKgpsbkvKLMSZM=', 'ufhr2FNHb3GbNw==', '2019-12-31 23:59:59', 'Andrzej', 'Śmietana');
INSERT INTO LEKARZ (KONTO_ID) VALUES (3);
INSERT INTO KONTO (LOGIN, HASLO_HASH, SALT, DATA_KONCA, IMIE, NAZWISKO) VALUES ('rejestrator', '5N28+IETyoGNCc0FtwtHv1EcxRkeN4UcBlcYGRsTdTM=', '3/8ZyFZ8riGHAw==', '2019-12-31 23:59:59', 'Adam', 'Miauczyński');
INSERT INTO REJESTRATOR (KONTO_ID) VALUES (4);
INSERT INTO KONTO (LOGIN, HASLO_HASH, SALT, DATA_KONCA, IMIE, NAZWISKO) VALUES ('kierownik', 'KJOFQL6+5SvZqEDO65q8A0LP7aOGy5wUEeSLCnWwYzk=', 'BAuAQUmSE5SaIw==', '2019-12-31 23:59:59', 'Paweł', 'Boligłowa');
INSERT INTO KIEROWNIK_LABORATORIUM (KONTO_ID) VALUES (5);
INSERT INTO KONTO (LOGIN, HASLO_HASH, SALT, DATA_KONCA, IMIE, NAZWISKO) VALUES ('laborant', '6j3sUPJkDWJ8bJ6WBCLaWP0Om/HcloZE4ph98VdiXWc=', 'W9ioHfMR4D+saw==', '2019-12-31 23:59:59', 'Juliusz', 'Mickiewicz');
INSERT INTO LABORANT (KONTO_ID) VALUES (6);
INSERT INTO KONTO (LOGIN, HASLO_HASH, SALT, DATA_KONCA, IMIE, NAZWISKO) VALUES ('laborant2', '+TobNDKGpM1kYPADHihmeJXXeTikffCGUECZJypU+OI=', 'aXtYkIGoCwW2cA==', '2019-12-31 23:59:59', 'Izabela', 'Łęcka');
INSERT INTO LABORANT (KONTO_ID) VALUES (7);
INSERT INTO PACJENT (IMIE, NAZWISKO, PESEL, ADRES) VALUES ('Andrzej', 'Nowak', '12345678900', 'Warszwa Wiejska 123');
INSERT INTO PACJENT (IMIE, NAZWISKO, PESEL, ADRES) VALUES ('Grzegorz', 'Brzęczyszczykiewicz', '23456789100', 'Chrząszczyżewoszyce Polna 1 ');
INSERT INTO PACJENT (IMIE, NAZWISKO, PESEL, ADRES) VALUES ('Bartłomiej', 'Nowakowski', '91234567800', 'Gdańsk Sopocka 3');
INSERT INTO PACJENT (IMIE, NAZWISKO, PESEL, ADRES) VALUES ('Tomasz', 'Kwasigroch', '12345678910', 'Warszwa Krakowska 48/50 123');
INSERT INTO TYP_BADANIA (KOD, NAZWA, OPIS, TYP) VALUES ('CO', 'Badanie czucia w kończynach', 'sprawdzenie czy implulsy nerwowe z kończyn pacjenta docierają do mózgu', 0);
INSERT INTO TYP_BADANIA (KOD, NAZWA, OPIS, TYP) VALUES ('RE', 'Badanie refleksu', 'badanie refleksu pacjenta poprzez walenie młotkiem w kolano', 0);
INSERT INTO TYP_BADANIA (KOD, NAZWA, OPIS, TYP) VALUES ('KR', 'Badanie krwi', 'kompleksowe badanie krwi', 1);
INSERT INTO TYP_BADANIA (KOD, NAZWA, OPIS, TYP) VALUES ('MO', 'Badanie moczu', 'kompleksowe badanie moczu', 1);
INSERT INTO WIZYTA (OPIS, DIAGNOZA, STAN, DATA_REJESTRACJI, DATA_ZAKONCZENIA, REJESTRATOR_ID, LEKARZ_ID, PACJENT_ID) VALUES ('Leczenie choroby przewlekłej', 'skierowanie na dalsze badania', 1, '2016-03-06 19:30:30', '2016-04-25 19:30:30', 4, 2, 1);
INSERT INTO WIZYTA (OPIS, DIAGNOZA, STAN, DATA_REJESTRACJI, DATA_ZAKONCZENIA, REJESTRATOR_ID, LEKARZ_ID, PACJENT_ID) VALUES ('Sprawdzenie  stanu pacjenta', '', 2, '2016-04-25 19:30:30', '2016-04-25 19:30:30', 4, 3, 1);
INSERT INTO WIZYTA (OPIS, DIAGNOZA, STAN, DATA_REJESTRACJI, DATA_ZAKONCZENIA, REJESTRATOR_ID, LEKARZ_ID, PACJENT_ID) VALUES ('Wizyta kontrolna', '', 0, '2016-06-04 19:30:30',  null , 4, 2, 1);
INSERT INTO BADANIE_FIZYCZNE (DATA_WYKONANIA, WYNIK, WIZYTA_ID, TYP_BADANIA_ID) VALUES ('2016-04-25 19:30:30', 'wszystko w normie', 1, 1);
INSERT INTO BADANIE_LABORATORYJNE (DATA_ZLECENIA, DATA_WYKONANIA, DATA_ZATWIERDZENIA, DATA_ANULOWANIA, UWAGI_LEKARZA, WYNIK, UWAGI_KIEROWNIKA, STAN, TYP_BADANIA_ID, WIZYTA_ID, LABORANT_ID, KIEROWNIK_LABORATORIUM_ID) VALUES ('2016-04-25 19:30:30',  null ,  null , '2016-04-25 19:30:30', '', 'Anulowano', '', 3, 3, 1, 6,  null );
INSERT INTO BADANIE_LABORATORYJNE (DATA_ZLECENIA, DATA_WYKONANIA, DATA_ZATWIERDZENIA, DATA_ANULOWANIA, UWAGI_LEKARZA, WYNIK, UWAGI_KIEROWNIKA, STAN, TYP_BADANIA_ID, WIZYTA_ID, LABORANT_ID, KIEROWNIK_LABORATORIUM_ID) VALUES ('2016-04-25 19:30:30',  null ,  null ,  null , 'Tylko dokładnie...', '', '', 0, 4, 1,  null ,  null );
INSERT INTO BADANIE_LABORATORYJNE (DATA_ZLECENIA, DATA_WYKONANIA, DATA_ZATWIERDZENIA, DATA_ANULOWANIA, UWAGI_LEKARZA, WYNIK, UWAGI_KIEROWNIKA, STAN, TYP_BADANIA_ID, WIZYTA_ID, LABORANT_ID, KIEROWNIK_LABORATORIUM_ID) VALUES ('2016-04-25 19:30:30', '2016-04-25 19:30:30',  null ,  null , '', 'pacjent posiada wysokie stężenie alkocholu we krwi', '', 1, 3, 1, 6,  null );
INSERT INTO BADANIE_LABORATORYJNE (DATA_ZLECENIA, DATA_WYKONANIA, DATA_ZATWIERDZENIA, DATA_ANULOWANIA, UWAGI_LEKARZA, WYNIK, UWAGI_KIEROWNIKA, STAN, TYP_BADANIA_ID, WIZYTA_ID, LABORANT_ID, KIEROWNIK_LABORATORIUM_ID) VALUES ('2016-04-25 19:30:30', '2016-04-25 19:30:30', '2016-04-30 19:30:30',  null , '', 'znakomity refleks', '', 2, 4, 1, 7, 5);
INSERT INTO WIZYTA (OPIS, DIAGNOZA, STAN, DATA_REJESTRACJI, DATA_ZAKONCZENIA, REJESTRATOR_ID, LEKARZ_ID, PACJENT_ID) VALUES ('leczenie choroby zakaźnej', 'skierowanie na dalsze badania', 1, '2016-03-16 19:30:30', '2016-05-05 19:30:30', 4, 3, 2);
INSERT INTO WIZYTA (OPIS, DIAGNOZA, STAN, DATA_REJESTRACJI, DATA_ZAKONCZENIA, REJESTRATOR_ID, LEKARZ_ID, PACJENT_ID) VALUES ('Kontrola rozwoju zakażenia', '', 2, '2016-05-05 19:30:30', '2016-05-05 19:30:30', 4, 2, 2);
INSERT INTO WIZYTA (OPIS, DIAGNOZA, STAN, DATA_REJESTRACJI, DATA_ZAKONCZENIA, REJESTRATOR_ID, LEKARZ_ID, PACJENT_ID) VALUES ('Przygotowanie do amputacji', '', 0, '2016-06-04 19:30:30',  null , 4, 3, 2);
INSERT INTO BADANIE_FIZYCZNE (DATA_WYKONANIA, WYNIK, WIZYTA_ID, TYP_BADANIA_ID) VALUES ('2016-04-25 19:30:30', 'wszystko w normie', 1, 1);
INSERT INTO BADANIE_LABORATORYJNE (DATA_ZLECENIA, DATA_WYKONANIA, DATA_ZATWIERDZENIA, DATA_ANULOWANIA, UWAGI_LEKARZA, WYNIK, UWAGI_KIEROWNIKA, STAN, TYP_BADANIA_ID, WIZYTA_ID, LABORANT_ID, KIEROWNIK_LABORATORIUM_ID) VALUES ('2016-05-05 19:30:30',  null ,  null , '2016-05-05 19:30:30', '', '', 'anulowano na prośbę pacjenta', 4, 3, 4,  null , 5);
INSERT INTO BADANIE_LABORATORYJNE (DATA_ZLECENIA, DATA_WYKONANIA, DATA_ZATWIERDZENIA, DATA_ANULOWANIA, UWAGI_LEKARZA, WYNIK, UWAGI_KIEROWNIKA, STAN, TYP_BADANIA_ID, WIZYTA_ID, LABORANT_ID, KIEROWNIK_LABORATORIUM_ID) VALUES ('2016-05-05 19:30:30',  null ,  null ,  null , '', '', '', 0, 4, 4,  null ,  null );
INSERT INTO BADANIE_LABORATORYJNE (DATA_ZLECENIA, DATA_WYKONANIA, DATA_ZATWIERDZENIA, DATA_ANULOWANIA, UWAGI_LEKARZA, WYNIK, UWAGI_KIEROWNIKA, STAN, TYP_BADANIA_ID, WIZYTA_ID, LABORANT_ID, KIEROWNIK_LABORATORIUM_ID) VALUES ('2016-05-05 19:30:30', '2016-05-05 19:30:30',  null ,  null , '', 'brak czerwonych krwinek', '', 1, 3, 4, 7,  null );
INSERT INTO BADANIE_LABORATORYJNE (DATA_ZLECENIA, DATA_WYKONANIA, DATA_ZATWIERDZENIA, DATA_ANULOWANIA, UWAGI_LEKARZA, WYNIK, UWAGI_KIEROWNIKA, STAN, TYP_BADANIA_ID, WIZYTA_ID, LABORANT_ID, KIEROWNIK_LABORATORIUM_ID) VALUES ('2016-05-05 19:30:30', '2016-05-05 19:30:30', '2016-05-15 19:30:30',  null , '', 'pacjent to fajtłapa', '', 2, 4, 4, 6, 5);

UPDATE BADANIE_FIZYCZNE SET WIZYTA_ID = 1 WHERE ID = 1;
UPDATE BADANIE_FIZYCZNE SET WIZYTA_ID = 1 WHERE ID = 1;
UPDATE BADANIE_LABORATORYJNE SET WIZYTA_ID = 1 WHERE ID = 1;
UPDATE BADANIE_LABORATORYJNE SET WIZYTA_ID = 1 WHERE ID = 1;
UPDATE BADANIE_LABORATORYJNE SET WIZYTA_ID = 1 WHERE ID = 2;
UPDATE BADANIE_LABORATORYJNE SET WIZYTA_ID = 1 WHERE ID = 2;
UPDATE BADANIE_LABORATORYJNE SET WIZYTA_ID = 1 WHERE ID = 3;
UPDATE BADANIE_LABORATORYJNE SET WIZYTA_ID = 1 WHERE ID = 3;
UPDATE BADANIE_LABORATORYJNE SET WIZYTA_ID = 1 WHERE ID = 4;
UPDATE BADANIE_LABORATORYJNE SET WIZYTA_ID = 1 WHERE ID = 4;
UPDATE BADANIE_FIZYCZNE SET WIZYTA_ID = 4 WHERE ID = 2;
UPDATE BADANIE_FIZYCZNE SET WIZYTA_ID = 4 WHERE ID = 2;
UPDATE BADANIE_LABORATORYJNE SET WIZYTA_ID = 4 WHERE ID = 5;
UPDATE BADANIE_LABORATORYJNE SET WIZYTA_ID = 4 WHERE ID = 5;
UPDATE BADANIE_LABORATORYJNE SET WIZYTA_ID = 4 WHERE ID = 6;
UPDATE BADANIE_LABORATORYJNE SET WIZYTA_ID = 4 WHERE ID = 6;
UPDATE BADANIE_LABORATORYJNE SET WIZYTA_ID = 4 WHERE ID = 7;
UPDATE BADANIE_LABORATORYJNE SET WIZYTA_ID = 4 WHERE ID = 7;
UPDATE BADANIE_LABORATORYJNE SET WIZYTA_ID = 4 WHERE ID = 8;
UPDATE BADANIE_LABORATORYJNE SET WIZYTA_ID = 4 WHERE ID = 8;